"future";"OUNA";"EMPLOYEES";"Blockchain is not only crappy technology but a bad vision for the future";"The Expert Generalist: Why the Future Belongs to Polymaths";"Fwd: Thoughts   Medium";"The Future is Without Apps";"Timescale";"Why SQL is beating NoSQL, and what this means for the future of data";"Coinbase";"The Coinbase Blog"
"onezero";"Siobhan O&#39;Connor";"OneZero   Tech and Science News, and Articles About the Future";"Welcome to OneZero";"Damon Beres";"OneZero   Tech and Science News, and Articles About the Future";"Welcome to a Refreshed OneZero";"Damon Beres";"OneZero   Tech and Science News, and Articles About the Future";"OneZero s Best Tech and Science Stories of 2019";"Amazing! How does one pitch story ideas or submissions to OneZero?"
"technology";"Thrive Global";"How Technology is Hijacking Your Mind   from a Magician and Google Design Ethicist";"Blockchain is not only crappy technology but a bad vision for the future";"Netflix Technology Blog";"Netflix TechBlog";"Artwork Personalization at Netflix";"Airbnb Engineering &amp; Data Science";"React Native at Airbnb: The Technology";"Eleven Reasons To Be Excited About The Future of Technology";"Netflix Technology Blog"
"elemental";"Markham Heid";"Elemental   Health Articles and News to Live a Healthy Lifestyle";"The Elemental Guide to Vitamins";"Siobhan O&#39;Connor";"Elemental   Health Articles and News to Live a Healthy Lifestyle";"Your Health and Wellness Are Elemental";"Elemental Editors";"Elemental   Health Articles and News to Live a Healthy Lifestyle";"Everything you need to know   in a six-part special report";"eosio"
"health";"Andrew Merle";"Elemental   Health Articles and News to Live a Healthy Lifestyle";"The Healthiest People in the World Don t Go to the Gym";"Kaizen Habits";"7 Modern Life Habits That Can Be Incredibly Bad For Your Brain Health";"Matter";"Maybe Better If You Don t Read This Story on Public WiFi";"Mind Cafe";"6 Habits of Highly Healthy Brains";"Anxy Magazine"
"science";"7 Things You Need To Stop Doing To Be More Productive, Backed By Science";"Markham Heid";"Elemental   Health Articles and News to Live a Healthy Lifestyle";"Science Confirms That the Vagus Nerve Is Key to Well-being";"Harrison Jansma";"Towards Data Science";"How To Learn Data Science If You re Broke";"The Startup";"Want to Improve Your Memory? Science Tells Us the Key (and It Can Actually Be Fun)";"freeCodeCamp.org"
"gen";"Will Leitch";"Forge   Career and Relationship Advice, Articles on Mental Health and Productivity";"Gen X Was Born for This Shit";"Amber Fraley";"No One Should Want a Return to Normalcy";"Gen X Will Not Go Quietly";"Lance Ulanoff";"OneZero   Tech and Science News, and Articles About the Future";"Why Gen Z Loves Closed Captioning";"Alex Pappademas"
"business";"Dave Schools";"Entrepreneur&#39;s Handbook";"I sat down with a millionaire who operates 10 businesses while sailing around the world with his family";"11 Things I Wish I Knew When I Started My Business";"Your Media Business Will Not Be Saved";"Why Nothing Scares Me In Business";"Lenny Rachitsky";"Marker   Business News and Articles for Startups and Leaders";"What Seven Years at Airbnb Taught Me About Building a Business";"Hiten Shah"
"marker";"Graphic Facilitation";"All you need to know about whiteboard markers";"Show Your Work!";"Newspaper + marker = poetry";"Joe Procopio";"Marker   Business News and Articles for Startups and Leaders";"The Marker Guide to Getting Your Startup Acquired";"AR.js";"How To Create your Own Marker ?";"Marker Editors"
"work";"Better Humans";"How to Configure Your iPhone to Work for You, Not Against You";"Better Humans";"The 50/30/10/10 Rule for How to Wake Up Earlier and Work on Your Dream";"Mission.org";"What are people working on in coffee shops?";"freeCodeCamp.org";"From Fear of Code to Lead Developer.";"Accelerated Intelligence";"An Ambitious Person s Brutally Honest Take On Work-Life Balance"
"culture";"Don t Fuck Up the Culture";"Your Company Culture is Who You Hire, Fire, and Promote";"Zaron Burnett III";"Human Parts";"A Gentlemen s Guide To Rape Culture";"The Startup";"The power of culture: how to hire and attract amazing people";"James Stanier";"OneZero   Tech and Science News, and Articles About the Future";"The Rebellion Against China s 996 Culture"
"zora";"ZORA Editors";"ZORA   Articles for Women of Color About Culture, Lifestyle, and Entertainment";"100 Best Books by Black Female Authors, 1850 - Present | ZORA";"Vanessa K. De Luca";"ZORA   Articles for Women of Color About Culture, Lifestyle, and Entertainment";"Welcome to ZORA";"ZORA Editors";"ZORA   Articles for Women of Color About Culture, Lifestyle, and Entertainment";"Toni Morrison: In Her Own Words";"Charles King"
"tenderly";"Summer Anne Burton";"Tenderly";"Tenderly, an Introduction";"Summer Anne Burton";"Tenderly";"How to Write for Tenderly";"Nourishing Poetry";"Touch Me Lovingly, Touch Me Tenderly";"Summer Anne Burton";"Tenderly"
"food";"freeCodeCamp.org";"How I went from selling food in the street to working for top firms in tech";"Sylvanaqua Farms | A Place for Regenerative Agriculture";"Clean Food: If You Want to Save the World, Get Over Yourself.";"Cucumbertown Magazine Archive   Medium";"The Beginners Guide to Composition in Food Photography: How to Transform your Food Photos from Good to Bloody Beautiful";"freeCodeCamp.org";"How I went from selling food in the street to working for top firms in tech   Part 3: first week on the job";"Organic Food Isn t Better For Your Health";"How drones can help manage the world s food supply"
"heated";"Heated Editors";"Heated";"Rethinking Gluten-Free - Heated";"Heated Exchange Between President And First Lady Caught On Open Microphone";"Heated Editors";"Heated";"The Problem Isn t Wheat. It s What We ve Done to It";"How You can Stay Calm in a Heated and Hurtful Conversation";"When Black Women Speak It s  Heated  Because The  Heat  Is Always On Us";"Waltonchain Brought You Smart Heated Insoles   the Most Eye-Popping Futuristic Tech"
"programming";"Goodbye, Object Oriented Programming";"freeCodeCamp.org";"Which programming language should you learn first?  d   s     :   su";"The Art of Computer Programming  by Donald Knuth";"freeCodeCamp.org";"How I went from programming with a Nokia feature phone to working for an MIT Startup";"freeCodeCamp.org";"Here are the best programming languages to learn in 2018";"JavaScript Scene";"Master the JavaScript Interview: What is Functional Programming?"
"design";"Andrew Coyle";"UX Collective";"Design Better Forms";"Refactoring UI";"7 Practical Tips for Cheating at Design";"Andrew Coyle";"UX Collective";"Design better data tables";"Why Product Thinking is the next big thing in UX Design";"Design + Sketch   Medium"
"lgbtqia";"Table Talk";"An Open Confession to My LGBTQIA Friends";"An Injustice!";"The LGBTQIA+ Community is Not That Hard to Understand";"Twitch Blog";"Update July 1: Celebrate Pride Month with LGBTQIA+ creators on Twitch";"I imagine the irritation the LGBTQIA community is feeling towards Cyrus is not much different than";"The Narthex";"GLBT? LGBT? LGBTQIA+? What&#x27;s in a Name?";"Revista Subjetiva"
"neuroscience";"Inc Magazine";"Neuroscience Says Listening to This Song Reduces Anxiety by Up to 65 Percent";"MINDFUL ENTREPRENEURSHIP";"Neuroscience of Mindfulness: What Exactly Happens to Your Brain When You Meditate";"Inc Magazine";"Steve Jobs Practiced This 1 Habit That Triggers Creative Ideas, According to Neuroscience";"The Spike";"How a happy moment for neuroscience is a sad moment for science";"Mission.org";"What world-class communicators do differently: 3 lessons from neuroscience"
"modus";"Accused Sex Offender Uses Controversial  POTUS Modus Defense  In Florida Trial";"15 Big Medium Publications: Submit &amp; Apply To Pubs like Zora, Human Parts, Modus, P.S. I Love You, Forge";"The Junction";"Modus Operandi";"Notice which of the two comes first ; says it all
( about his original modus; I d like to give him";"Web Assembly Explained";"Deception as Modus Operandi - Kitty Hannah Eden - Medium";"Playing Games With Names   Jho Low s Modus Operandi";"The introdction";"Modus Create: Front End Development"
"politics";"Therin Alrik";"No One Should Want a Return to Normalcy";"Why I Stopped Arguing Politics on Social Media";"California Is the Future of American Politics - California Is The Future - Medium";"1. Radical Collectivity &amp; Revolutionary Empathy.";"How About an Immutable Blockchain-Based Voting System?";"The California Conservative Era(s) Begin";"An Open Letter on Identity Politics, to and from the Left";"Bangtan Journal";"Loving Yourself and the Politics of BTS"
"relationships";"Brianna Wiest";"Human Parts";"Why You re Still Friends With People You Hate";"Mission.org";"Why Most People Will Never Have Great Relationships";"Better Marketing";"21 Behaviors That Will Make You Brilliant at Creativity &amp; Relationships";"Barry Davret";"P.S. I Love You";"The Golden Rule Of Relationships Nobody Talks About"
"human parts";"Human Parts";"I Found Naked Pictures of Myself on the Internet";"Human Parts";"Why  Don t Worry About Money, Just Travel  Is The Worst Advice Of All Time";"Human Parts";"Why I Will Always Love My Ex-Boyfriends";"Human Parts";"How to Submit to Human Parts";"Human Parts";"Ten Love Letters"
"self";"Mission.org";"How To Become Ridiculously Self-Aware In 20 Minutes";"Mission.org";"How to Activate Extreme Self-Confidence and Destroy Chronic Anxiety and Fear";"Kayla Lee";"The Writing Cooperative";"4 ways to get high-paying writing work   don t self-publish.";"Better Humans";"Why Successful People Choose Self-Compassion Over Self-Esteem";"Darius Foroux"
"startups";"The Startup";"Business + Marketing";"Signal v. Noise";"Trickle-down workaholism in startups";"4 Engineering Mistakes That Kill Startups";"The Startup";"Growing Startups When the Product Sucks";"Signal v. Noise";"Silicon Valley arrogance:  I can tell you which startups will succeed, without even knowing what they do";"Ben Weber"
"cryptocurrency";"HackerNoon.com";"Why Everyone Missed the Most Mind-Blowing Feature of Cryptocurrency";"HackerNoon.com";"NEO versus Ethereum: Why NEO might be 2018 s strongest cryptocurrency";"Discoin, the tailor-made cryptocurrency for online shopping and selling";"HackerNoon.com";"Ethereum will pass Bitcoin in 2018: my cryptocurrency investment portfolio";"David Vorick";"Sia Blog";"The State of Cryptocurrency Mining"
"forge";"The Startup";"How A Janitor Created An 8 Million Dollar Net Worth";"Indrani Sen";"Forge   Career and Relationship Advice, Articles on Mental Health and Productivity";"Welcome to Forge";"Blockchain Cuties Universe   Medium";"Can I Pay To Make My Forge More Awesome?";"Blockchain Cuties Universe   Medium";"The Forge Is Here! Recycle Your Items, Enchant You Items, Profit From Your Every Item";"Deploying Horizon To Laravel Forge"
"data science";"Harrison Jansma";"Towards Data Science";"How To Learn Data Science If You re Broke";"Michael Galarnyk";"Towards Data Science";"How to Build a Data Science Portfolio";"The Civis Journal";"The best Mario Kart character according to data science";"freeCodeCamp.org";"If you want to learn Data Science, start with one of these programming classes"
"productivity";"The Startup";"Don t listen to those productivity gurus: why waking up at 6am won t make you successful";"Darius Foroux";"Forge   Career and Relationship Advice, Articles on Mental Health and Productivity";"The Most Underrated Productivity Technique Is Also the Simplest";"HackerNoon.com";"Top 12 Things That Destroy Developer Productivity";"Jonathan Fulton";"VideoBlocks Product &amp; Engineering";"These four  clean code  tips will dramatically improve your engineering team s productivity"
"artificial intelligence";"Artificial Intelligence   The Revolution Hasn t Happened Yet";"Sam DeBrule";"Machine Learnings";"The Non-Technical Guide to Machine Learning &amp; Artificial Intelligence";"Daniel Bourke";"Towards Data Science";"I want to learn Artificial Intelligence and Machine Learning. Where can I start?";"A list of artificial intelligence tools you can use today   for personal use (1/3)";"How I Eat For Free in NYC Using Python, Automation, Artificial Intelligence, and Instagram";"IoT For All"
"election 2020";"Either Way, Election 2020 is Going to be a Mess.";"Election 2020: Could We Not?";"MuddyUm";"Election 2020: So much depends upon a Corny State so Vote! Vote!";"Solutions Journalism";"The Whole Story";"Election 2020: Telling a different story - The Whole Story";"Election 2020 and the Scary Socialists";"Far-Left Liberals Struggling to Accept Election 2020 is All About the Black and Latino Vote";"Election 2020 Haiku"
